decimal_rep	hamming_weight	avg_sensitivity	CF	NCF	C_depth	temp_exp	expressions
1	1	0.0625	True	True	8	11111111	abcdefgh
4295032833	3	0.15625	True	True	8	11(1+1)1111	ab(c+d)efgh
31	5	0.234375	True	True	8	11111(1+11)	abcde(f+gh)
6277101735386680764176071790128604879584177077448784019457	7	0.3125	True	False	4	(11+11)1111	(ab+cd)efgh
6277101736848182401506974708411517874814724153223283736577	7	0.296875	True	True	8	(1+(1+1))11111	(a+(b+c))defgh
1911	9	0.375	True	False	4	1111(1+1)(1+1)	abcd(e+f)(g+h)
511	9	0.359375	True	True	8	1111(1+111)	abcd(e+fgh)
1461523938416389008123852738184089783721235906561	11	0.421875	True	True	8	(1+1(1+1))1111	(a+b(c+d))efgh
16843263	11	0.4375	True	False	3	111(11+111)	abc(de+fgh)
26960358049567071833025758531567443250298050725965797573758388600833	13	0.46875	True	True	8	(11+(1+1))1111	(ab+(c+d))efgh
32767	15	0.5	True	True	8	1111(1+(1+(1+1)))	abcd(e+(f+(g+h)))
10548753374549092367936461896669810655263	15	0.546875	True	False	3	(1+1)111(1+11)	(a+b)cde(f+gh)
72340172838076927	15	0.5625	True	False	2	11(111+111)	ab(cde+fgh)
117901311	17	0.59375	True	False	3	111(11+1(1+1))	abc(de+f(g+h))
131071	17	0.546875	True	True	8	111(1+1111)	abc(d+efgh)
281479271809023	19	0.625	True	False	2	11(11+1111)	ab(cd+efgh)
524287	19	0.609375	True	True	8	111(1+11(1+1))	abc(d+ef(g+h))
43215860598959184862191311641195675910271	21	0.671875	True	False	3	(1+1)111(1+(1+1))	(a+b)cde(f+(g+h))
80852079293893806395679	21	0.71875	True	False	2	1(1+1)1(11+11)	a(b+c)d(ef+gh)
2097151	21	0.65625	True	True	8	111(1+1(1+11))	abc(d+e(f+gh))
287309823	23	0.703125	True	False	4	111(1+(11+11))	abc(d+(ef+gh))
8388607	23	0.6875	True	True	8	111(1+1(1+(1+1)))	abc(d+e(f+(g+h)))
5192376087906286159508272029237247	23	0.75	True	False	1	1(111+1111)	a(bcd+efgh)
125304831	25	0.734375	True	False	4	111(1+(1+1)(1+1))	abc(d+(e+f)(g+h))
33554431	25	0.71875	True	True	8	111(1+(1+111))	abc(d+(e+fgh))
1970354902269951	25	0.78125	True	False	2	11(11+11(1+1))	ab(cd+ef(g+h))
571857792142420148255	25	0.78125	True	False	2	1(1+11)1(1+11)	a(b+cd)e(f+gh)
650279603185913403713760602726968005232503	27	0.84375	True	False	2	(1+1)11(1+1)(1+1)	(a+b)cd(e+f)(g+h)
173884289496599554839210710619299136930303	27	0.796875	True	False	2	(1+1)11(1+111)	(a+b)cd(e+fgh)
134217727	27	0.75	True	True	8	111(1+(1+1(1+1)))	abc(d+(e+f(g+h)))
506381209866536959	29	0.84375	True	False	2	11(111+1(1+1))	ab(cde+f(g+h))
536870911	29	0.765625	True	True	8	111(1+(1+(1+11)))	abc(d+(e+(f+gh)))
8725857424113663	31	0.890625	True	False	2	11(11+1(1+11))	ab(cd+e(f+gh))
1766874025136433896750911497805568136923323180981774075523881651146981375	31	0.9375	False	False	0	(1111+1111)	(abcd+efgh)
2147483647	31	0.765625	True	True	8	111(1+(1+(1+(1+1))))	abc(d+(e+(f+(g+h))))
696558005087161034747288306531712981010431	33	0.921875	True	False	2	(1+1)11(1+1(1+1))	(a+b)cd(e+f(g+h))
8589934591	33	0.796875	True	True	8	11(1+11111)	ab(c+defgh)
5731465400311866747240212742422207904090227199	33	0.96875	True	False	1	(1+1)1(11+111)	(a+b)c(de+fgh)
80853312998717016445215	35	1.015625	True	False	1	1(1+11)(11+11)	a(b+cd)(ef+gh)
79228162532711081675843436543	35	0.875	True	False	1	1(11+11111)	a(bc+defgh)
2342772245228624478335	35	0.9375	True	False	2	1(1+11)1(1+(1+1))	a(b+cd)e(f+(g+h))
34359738367	35	0.859375	True	True	8	11(1+111(1+1))	ab(c+def(g+h))
1233723648051773439	37	1.0	True	False	2	11(11+(11+11))	ab(cd+(ef+gh))
137438953471	37	0.90625	True	True	8	11(1+11(1+11))	ab(c+de(f+gh))
35747867511488511	37	0.953125	True	False	2	11(11+1(1+(1+1)))	ab(cd+e(f+(g+h)))
36346632615344003116557904204267519	37	1.03125	True	False	1	1(111+11(1+1))	a(bcd+ef(g+h))
188722506346969502831180309720972102752086355081760583016308720205831	39	1.0	True	False	2	(11+(1+1))11(1+1)	(ab+(c+d))ef(g+h)
549755813887	39	0.9375	True	True	8	11(1+11(1+(1+1)))	ab(c+de(f+(g+h)))
506381209882853375	39	1.0	True	False	2	11(1(1+1)+1(1+1))	ab(c(d+e)+f(g+h))
18829136625663	39	0.953125	True	False	4	11(1+1(11+11))	ab(c+d(ef+gh))
26959946673427741531515197488526605382048662297355296634331188953087	39	1.0	False	False	0	(111+11111)	(abc+defgh)
554597137728977571705134252031	41	1.03125	True	False	1	1(11+111(1+1))	a(bc+def(g+h))
2199023255551	41	0.96875	True	True	8	11(1+1(1+111))	ab(c+d(e+fgh))
8211977469951	41	0.984375	True	False	4	11(1+1(1+1)(1+1))	ab(c+d(e+f)(g+h))
72341268037894143	43	1.015625	True	False	3	11(1+(11+111))	ab(c+(de+fgh))
537906888301871103	43	1.0625	True	False	2	11(11+(1+1)(1+1))	ab(cd+(e+f)(g+h))
8796093022207	43	1.0	True	True	8	11(1+1(1+1(1+1)))	ab(c+d(e+f(g+h)))
37623665626848690698133279	45	1.171875	True	False	1	1(1+1)(1+1)(1+11)	a(b+c)(d+e)(f+gh)
24616085236810599231077234872125278955573695899053916671	45	1.21875	False	False	0	(1+1)(111+111)	(a+b)(cde+fgh)
604444463203974071222271	45	1.03125	True	False	2	1(1+1)1(1+(1+(1+1)))	a(b+c)d(e+(f+(g+h)))
173884289537085145883999787131794823840255	45	1.09375	True	False	1	(1+11)1(1+111)	(a+bc)d(e+fgh)
131391639519231	45	1.015625	True	True	8	11(1+1(11+(1+1)))	ab(c+d(ef+(g+h)))
140737488355327	47	1.015625	True	True	8	11(1+1(1+(1+(1+1))))	ab(c+d(e+(f+(g+h))))
8759946577444863	47	1.0625	True	False	3	11(1+(1+1)(1+11))	ab(c+(d+e)(f+gh))
2456073038514043531822297513983	47	1.140625	True	False	1	1(11+11(1+11))	a(bc+de(f+gh))
797191920394108457050361117346332819707190488835995570471039	49	1.203125	True	False	1	(11+11)1(1+(1+1))	(ab+cd)e(f+(g+h))
35887507618889599	49	1.09375	True	False	2	11(1+(1+1))(1+(1+1))	ab(c+(d+e))(f+(g+h))
562949953421311	49	1.03125	True	True	8	11(1+(1+1111))	ab(c+(d+efgh))
27512536906199821789383722656133675187217448130458020357280031	49	1.3125	False	False	0	(11+11)(11+11)	(ab+cd)(ef+gh)
2242545357995114495	49	1.078125	True	False	3	11(1(1+1)+(1+11))	ab(c(d+e)+(f+gh))
2251799813685247	51	1.0625	True	True	8	11(1+(1+11(1+1)))	ab(c+(d+ef(g+h)))
40119737170161678194832362010287651947654088703	51	1.25	True	False	1	(1+1)1(11+1(1+1))	(a+b)c(de+f(g+h))
2417833193048130298445823	51	1.109375	True	False	1	1(1+1)(1+1111)	a(b+c)(d+efgh)
160963658725094870944756432904388607	51	1.203125	True	False	1	1(111+1(1+11))	a(bcd+e(f+gh))
347257036380872670966401235681279	53	1.25	True	False	1	1(11+1(11+11))	a(bc+d(ef+gh))
9007199254740991	53	1.078125	True	True	8	11(1+(1+1(1+11)))	ab(c+(d+e(f+gh)))
5192376087906286159789742710849535	53	1.15625	True	False	1	1(1(1+1)+1111)	a(b(c+d)+efgh)
10061976641654307372290950561791	53	1.203125	True	False	1	1(11+11(1+(1+1)))	a(bc+de(f+(g+h)))
35887509774794751	53	1.09375	True	False	3	11(1+(1+1)(1+(1+1)))	ab(c+(d+e)(f+(g+h)))
188719626713994190720606382419686237674340636081487076440292552867839	53	1.28125	False	False	0	(111+111(1+1))	(abc+def(g+h))
5731465401646327525474708232103397025401340415	55	1.328125	False	False	0	(1+11)(11+111)	(a+bc)(de+fgh)
36028797018963967	55	1.078125	True	True	8	11(1+(1+1(1+(1+1))))	ab(c+(d+e(f+(g+h))))
45307242090908059251839434883706783295358313103391	55	1.25	True	False	1	(1+1(1+1))1(1+11)	(a+b(c+d))e(f+gh)
8610732401905106943	55	1.09375	True	False	4	11(11+(11+(1+1)))	ab(cd+(ef+(g+h)))
144115188075855871	57	1.078125	True	True	8	11(1+(1+(1+111)))	ab(c+(d+(e+fgh)))
95782432850356534670201594315450188515514896097607679	57	1.28125	False	False	0	(1+1)(11+1111)	(a+b)(cd+efgh)
9671388112424755207340031	57	1.234375	True	False	1	1(1+1)(1+11(1+1))	a(b+c)(d+ef(g+h))
538180155470774271	57	1.09375	True	False	4	11(1+(1+(1+1)(1+1)))	ab(c+(d+(e+f)(g+h)))
9187201950444158975	59	1.078125	True	True	8	11(1(1+1)+(1+(1+1)))	ab(c(d+e)+(f+(g+h)))
40485591054215362734165562753023	59	1.265625	True	False	1	1(11+1(1+111))	a(bc+d(e+fgh))
151405018600010877074333419700223	59	1.3125	True	False	1	1(11+1(1+1)(1+1))	a(bc+d(e+f)(g+h))
12368118175955037277256380484638976958463262266872418528667171558028476415	61	1.34375	False	False	0	(1111+11(1+1))	(abcd+ef(g+h))
2305843009213693951	61	1.0625	True	True	8	11(1+(1+(1+(1+11))))	ab(c+(d+(e+(f+gh))))
38685607789931254842916863	63	1.3125	True	False	1	1(1+1)(1+1(1+11))	a(b+c)(d+e(f+gh))
9223372036854775807	63	1.03125	True	True	8	11(1+(1+(1+(1+(1+1)))))	ab(c+(d+(e+(f+(g+h)))))
3207598986782593870493972684755717093467514486576328633942527	63	1.390625	False	False	0	(11+11)(1+111)	(ab+cd)(e+fgh)
11995541419116876569279828667774410658770937856809695220598647	63	1.359375	True	False	1	(1+(1+1))1(1+1)(1+1)	(a+(b+c))d(e+f)(g+h)
3207598987529421207170064075998285634030324042297097989390847	63	1.25	True	False	1	(1+(1+1))1(1+111)	(a+(b+c))d(e+fgh)
6405859422079010264769715593311368439179943083970847	63	1.5	False	False	0	(1+1)(1+1)(11+11)	(a+b)(c+d)(ef+gh)
36346632615344003116839349115682815	63	1.3125	True	False	1	1(1(1+1)+11(1+1))	a(b(c+d)+ef(g+h))
659431763164098342257550547704872959	65	1.265625	True	False	1	1(111+1(1+(1+1)))	a(bcd+e(f+(g+h)))
162180048704459584181664011517951	65	1.328125	True	False	1	1(11+1(1+1(1+1)))	a(bc+d(e+f(g+h)))
835771099536579226823798514478590740759239572504939724786510046625823	65	1.328125	True	False	1	(11+(1+1))1(1+11)	(ab+(c+d))e(f+gh)
22758184393293252237124756303859679231	65	1.375	True	False	1	1(111+(11+11))	a(bcd+(ef+gh))
36893488147419103231	65	1.046875	True	True	8	1(1+111111)	a(b+cdefgh)
6277101735386680764176071790128604879602623540043221827583	67	1.125	False	False	0	(11+111111)	(ab+cdefgh)
835758346876259987476971122144324766843508531218014195664138008526847	67	1.453125	False	False	0	(111+11(1+11))	(abc+de(f+gh))
79229371476977440370137759743	67	1.109375	True	True	8	1(1+(1+1)1111)	a(b+(c+d)efgh)
2854495045129552841332850961988311301658509311	69	1.34375	True	False	1	(1+1)1(1+1(1+(1+1)))	(a+b)c(d+e(f+(g+h)))
590295810358705651711	69	1.15625	True	True	8	1(1+111(1+11))	a(b+cde(f+gh))
97766466610075884936854056218659599638939566079	69	1.390625	True	False	1	(1+1)1(1+(11+11))	(a+b)c(d+(ef+gh))
2423668720038164699414343517732863	71	1.34375	True	False	1	1(11+1(11+(1+1)))	a(bc+d(ef+(g+h)))
2361183241434822606847	71	1.1875	True	True	8	1(1+111(1+(1+1)))	a(b+cde(f+(g+h)))
80870526019142674284543	71	1.203125	True	False	4	1(1+11(11+11))	a(b+cd(ef+gh))
26960358049567071833025758531567443250298050725984244036352826408959	73	1.28125	False	False	0	(11+(1+1)1111)	(ab+(c+d)efgh)
160963658725094870945037774735015935	73	1.390625	True	False	1	1(1(1+1)+1(1+11))	a(b(c+d)+e(f+gh))
35270174668932662689791	73	1.234375	True	False	4	1(1+11(1+1)(1+1))	a(b+cd(e+f)(g+h))
9444732965739290427391	73	1.21875	True	True	8	1(1+11(1+111))	a(b+cd(e+fgh))
11150032319494459834013739774848377676660735	75	1.328125	True	False	1	(1+11)1(1+(1+(1+1)))	(a+bc)d(e+(f+(g+h)))
45484223505284301200465287991300734765761805885215	75	1.5625	False	False	0	(1+1)(1+11)(1+11)	(a+b)(c+de)(f+gh)
670477029818693313194428946982464345983135361465319423	75	1.5625	False	False	0	(1+1)(11+11(1+1))	(a+b)(cd+ef(g+h))
37778931862957161709567	75	1.25	True	True	8	1(1+11(1+1(1+1)))	a(b+cd(e+f(g+h)))
618970001340061247554453503	75	1.375	True	False	1	1(1+1)(1+(1+111))	a(b+c)(d+(e+fgh))
2311466149194607059629768703	75	1.421875	True	False	1	1(1+1)(1+(1+1)(1+1))	a(b+c)(d+(e+f)(g+h))
310703380373925437189914623	75	1.265625	True	False	3	1(1+1(11+111))	a(b+c(de+fgh))
161592413422954466088901845849210879	77	1.453125	True	False	1	1(11+(1+1)(1+11))	a(bc+(d+e)(f+gh))
162182523375612911506857800959999	77	1.40625	True	False	1	1(1+(1+1))(1+1(1+1))	a(b+(c+d))(e+f(g+h))
12849227252336535524268418954393254188508810477537660887828479	77	1.578125	False	False	0	(11+11)(1+1(1+1))	(ab+cd)(e+f(g+h))
105726875431490727260553571348123507794705475185192065698789130751	77	1.515625	False	False	0	(1+(1+1))(11+111)	(a+(b+c))(de+fgh)
2596069201709344013131632986816511	77	1.3125	True	False	1	1(11+1(1+(1+(1+1))))	a(bc+d(e+(f+(g+h))))
564322794702922603036671	77	1.265625	True	True	8	1(1+11(11+(1+1)))	a(b+cd(ef+(g+h)))
2456110515232898329262984003583	79	1.3125	True	False	3	1(1+(1+1)1(1+11))	a(b+(c+d)e(f+gh))
2653304180920112227508727006906810367	79	1.328125	True	False	2	1(111+(1+111))	a(bcd+(e+fgh))
604462909807314587353087	79	1.265625	True	True	8	1(1+11(1+(1+(1+1))))	a(b+cd(e+(f+(g+h))))
194590153796987103689458225493986751267127927419128590106623	79	1.390625	False	False	0	(11+111(1+11))	(ab+cde(f+gh))
9922630703988912850820307847747207167	79	1.4375	True	False	1	1(111+(1+1)(1+1))	a(bcd+(e+f)(g+h))
2475880060700477224231370751	81	1.40625	True	False	1	1(1+1)(1+(1+1(1+1)))	a(b+c)(d+(e+f(g+h)))
3423913227525323174502430081042878883520180111764122672559519831162879	81	1.515625	False	False	0	(111+11(1+(1+1)))	(abc+de(f+(g+h)))
2174895328418580842458120191	81	1.328125	True	False	3	1(1+1(11+1(1+1)))	a(b+c(de+f(g+h)))
746838732530772129887594037915151556564214217638399	81	1.546875	False	False	0	(1+1)(1+1)(1+111)	(a+b)(c+d)(e+fgh)
173886942800780474942011933124640462799359	81	1.40625	False	False	0	(1+111)(1+111)	(a+bcd)(e+fgh)
2417851639229258349412351	81	1.28125	True	True	8	1(1+1(1+1111))	a(b+c(d+efgh))
118165446269633791132631110592212111389519286849308265148254780634693631	81	1.625	False	False	0	(111+1(11+11))	(abc+d(ef+gh))
2792972246313709472045385922614196917014116183770999	81	1.6875	False	False	0	(1+1)(1+1)(1+1)(1+1)	(a+b)(c+d)(e+f)(g+h)
22758184393293252237125018953707421695	83	1.46875	True	False	1	1(1(1+1)+(11+11))	a(b(c+d)+(ef+gh))
659431763164098342257831477212348415	83	1.390625	True	False	1	1(1(1+1)+1(1+(1+1)))	a(b(c+d)+e(f+(g+h)))
9671406556917033397649407	83	1.3125	True	True	8	1(1+1(1+11(1+1)))	a(b+c(d+ef(g+h)))
10384514491324974185771533707771903	83	1.328125	True	False	2	1(11+(1+1111))	a(bc+(d+efgh))
44601150125078839835932947356460820656685055	85	1.40625	False	False	0	(1+11)(1+1111)	(a+bc)(d+efgh)
347262335102758488611318545776639	85	1.390625	True	False	2	1(1+(1+1)(11+11))	a(b+(c+d)(ef+gh))
154135680817623784952430591	85	1.34375	True	False	3	1(1+1(1+1)(1+(1+1)))	a(b+c(d+e)(f+(g+h)))
38685626227668133590597631	85	1.328125	True	True	8	1(1+1(1+1(1+11)))	a(b+c(d+e(f+gh)))
27512536906199821789383722656133675187217465343478446015119359	85	1.5	False	False	0	(11+11(11+11))	(ab+cd(ef+gh))
40119737179502782423385183613619451103287904255	85	1.640625	False	False	0	(1+11)(11+1(1+1))	(a+bc)(de+f(g+h))
797191920394108457050361117346332819707208899832201768599551	85	1.453125	False	False	0	(11+111(1+(1+1)))	(ab+cde(f+(g+h)))
9903520298142141130939039743	87	1.390625	True	False	1	1(1+1)(1+(1+(1+11)))	a(b+c)(d+(e+(f+gh)))
5299930793190534301911875583	87	1.34375	True	False	4	1(1+1(1+(11+11)))	a(b+c(d+(ef+gh)))
12368118175955037277256380484638976958463262266872418528667453002939891711	87	1.625	False	False	0	(11(1+1)+11(1+1))	(ab(c+d)+ef(g+h))
154742504910672534362390527	87	1.328125	True	True	8	1(1+1(1+1(1+(1+1))))	a(b+c(d+e(f+(g+h))))
172312596657673673985519255069027825502348067912399915007	87	1.625	False	False	0	(1+1)(111+1(1+1))	(a+b)(cde+f(g+h))
36346632616552799806993662509842431	89	1.390625	True	False	2	1(1+(11+11(1+1)))	a(b+(cd+ef(g+h)))
2311466167103170982038208511	89	1.34375	True	False	4	1(1+1(1+(1+1)(1+1)))	a(b+c(d+(e+f)(g+h)))
2465704696930720995352453840895	89	1.390625	True	False	2	1(1+(1+11)(1+11))	a(b+(c+de)(f+gh))
618970019642690137449562111	89	1.328125	True	True	8	1(1+1(1+(1+111)))	a(b+c(d+(e+fgh)))
3423965472295018122794271333509065292787852442197656291867315352305791	91	1.453125	True	False	1	(11+(1+1))1(1+(1+1))	(ab+(c+d))e(f+(g+h))
40486208815327632551548523905023	91	1.375	True	False	2	1(1+(1+1)(1+111))	a(b+(c+d)(e+fgh))
54773094779229450799278256431972612244623018610434996341240331185554456575	91	1.515625	False	False	0	(1111+1(1+11))	(abcd+e(f+gh))
11995541416323946940340473190935763924885380303841811668926463	91	1.5625	False	False	0	(11+11(1+1)(1+1))	(ab+cd(e+f)(g+h))
192022819187213951256910212131824151871359560976235751939209087	91	1.65625	False	False	0	(11+11)(11+(1+1))	(ab+cd)(ef+(g+h))
2475880078570760549798248447	91	1.328125	True	True	8	1(1+1(1+(1+1(1+1))))	a(b+c(d+(e+f(g+h))))
151407328857270607366548015284223	91	1.421875	True	False	2	1(1+(1+1)(1+1)(1+1))	a(b+(c+d)(e+f)(g+h))
3207598986782593870493972684755717093467532789484494482571263	91	1.515625	False	False	0	(11+11(1+111))	(ab+cd(e+fgh))
9922630703988912850820581114916110335	93	1.46875	True	False	1	1(1(1+1)+(1+1)(1+1))	a(b(c+d)+(e+f)(g+h))
9903520314283042199192993791	93	1.3125	True	True	8	1(1+1(1+(1+(1+11))))	a(b+c(d+(e+(f+gh))))
39614081247908796757769715711	93	1.328125	True	False	1	1(1+1)(1+(1+(1+(1+1))))	a(b+c)(d+(e+(f+(g+h))))
2969255417692040427291338357650520975853617222936166399	93	1.703125	False	False	0	(1+1)(11+1(1+11))	(a+b)(cd+e(f+gh))
2653304180920112227509006287121678335	93	1.390625	True	False	2	1(1(1+1)+(1+111))	a(b(c+d)+(e+fgh))
51520458092920414066725542400574342885094993650245971868198698701815807	95	1.6875	False	False	0	(111+1(1+1)(1+1))	(abc+d(e+f)(g+h))
39614081257132168796771975167	95	1.28125	True	True	8	1(1+1(1+(1+(1+(1+1)))))	a(b+c(d+(e+(f+(g+h)))))
662007629184361844944855935823642623	95	1.453125	True	False	1	1(11+(1+1)(1+(1+1)))	a(bc+(d+e)(f+(g+h)))
160963658726303224906578919658881023	95	1.40625	True	False	2	1(1+(11+1(1+11)))	a(b+(cd+e(f+gh)))
13776532750121575922604265916637095350226866433948556580141047121707007	95	1.578125	False	False	0	(111+1(1+111))	(abc+d(e+fgh))
178405621347416359843609777682910592576782335	95	1.5625	False	False	0	(1+11)(1+11(1+1))	(a+bc)(d+ef(g+h))
162182523375630782062862251589631	97	1.40625	True	False	2	1(1+(1+1)(1+1(1+1)))	a(b+(c+d)(e+f(g+h)))
105726875406874270808058555468016895809919620431458579319567155199	97	1.625	False	False	0	(11+1(11+111))	(ab+c(de+fgh))
158456325028528675187087900671	97	1.28125	True	True	8	1(1+(1+11111))	a(b+(c+defgh))
12849227252336535524268418954393254188508828348093665338458111	97	1.578125	False	False	0	(11+11(1+1(1+1)))	(ab+cd(e+f(g+h)))
633825300114114700748351602687	99	1.3125	True	True	8	1(1+(1+111(1+1)))	a(b+(c+def(g+h)))
2792972246313719394524682582669795576691281817438071	99	1.734375	False	False	0	(1+1(1+1))(1+1)(1+1)	(a+b(c+d))(e+f)(g+h)
696568633881012978877296334845673243346943	99	1.5625	False	False	0	(1+111)(1+1(1+1))	(a+bcd)(e+f(g+h))
161592423016989788988583103449530367	99	1.390625	True	False	2	1(1+(1+(1+1))(1+11))	a(b+(c+(d+e))(f+gh))
2923003274321523469644887526979273363002065158143	99	1.359375	False	False	0	(1+1)(1+11111)	(a+b)(c+defgh)
2535301200456458802993406410751	101	1.328125	True	True	8	1(1+(1+11(1+11)))	a(b+(c+de(f+gh)))
26959946673427741531515197488526605382127890459851114227842433417215	101	1.40625	False	False	0	(1(1+1)+11111)	(a(b+c)+defgh)
664613918819037908687523194268024831	101	1.375	True	False	2	1(11+(1+1(1+(1+1))))	a(bc+(d+e(f+(g+h))))
22763029353888452585191134839858790399	101	1.421875	True	False	2	1(11+(1+(11+11)))	a(bc+(d+(ef+gh)))
10141204801825835211973625643007	103	1.328125	True	True	8	1(1+(1+11(1+(1+1))))	a(b+(c+de(f+(g+h))))
2423705702287930977148109024395263	103	1.390625	True	False	2	1(1+(1+1)(11+(1+1)))	a(b+(c+d)(ef+(g+h)))
10628793851944167768513705526758998015	103	1.390625	True	False	2	1(1(1+1)+(1+1(1+1)))	a(b(c+d)+(e+f(g+h)))
192022819187213951256910212131824151871359570812247423743688703	103	1.59375	False	False	0	(11+11(11+(1+1)))	(ab+cd(ef+(g+h)))
347336264462534856010096678273023	103	1.34375	True	False	4	1(1+(1+1(11+11)))	a(b+(c+d(ef+gh)))
11692013098306940979342365498362557506524693921791	105	1.484375	False	False	0	(1+1)(1+111(1+1))	(a+b)(c+def(g+h))
205681792611304392750179040270520206204054066328667338196418559	105	1.390625	True	False	1	(1+(1+1))1(1+(1+(1+1)))	(a+(b+c))d(e+(f+(g+h)))
118167249331252895652149125593289263063582237277879574173296711379652895	105	1.625	False	False	0	(1+(1+(1+1)))(11+11)	(a+(b+(c+d)))(ef+gh)
151484246727273413478856033042431	105	1.34375	True	False	4	1(1+(1+1(1+1)(1+1)))	a(b+(c+d(e+f)(g+h)))
40564819207303340847894502572031	105	1.328125	True	True	8	1(1+(1+1(1+111)))	a(b+(c+d(e+fgh)))
2843301117049329278668379149383163325450256255	105	1.71875	False	False	0	(1+11)(1+1)(1+(1+1))	(a+bc)(d+e)(f+(g+h))
713623506236766439874317098988709680257171455	105	1.640625	False	False	0	(1+11)(1+1(1+11))	(a+bc)(d+e(f+gh))
162259276829213363391578010288127	107	1.328125	True	True	8	1(1+(1+1(1+1(1+1))))	a(b+(c+d(e+f(g+h))))
158839976905141199905517549644391907327	107	1.34375	True	False	3	1(111+(11+(1+1)))	a(bcd+(ef+(g+h)))
9922630703990086524374090729666904063	107	1.390625	True	False	2	1(1+(11+(1+1)(1+1)))	a(b+(cd+(e+f)(g+h)))
2423747947636374615661696528678911	109	1.3125	True	True	8	1(1+(1+1(11+(1+1))))	a(b+(c+d(ef+(g+h))))
55187010840506586915011609259013961217053611722686292210467156283883519	109	1.640625	False	False	0	(111+1(1+1(1+1)))	(abc+d(e+f(g+h)))
2596108814581693772289136805281791	109	1.328125	True	False	2	1(1+(1+1)(1+(1+(1+1))))	a(b+(c+d)(e+(f+(g+h))))
205681792563415368599757344347143996089334739520277082456195071	109	1.5625	False	False	0	(11+11(1+(1+(1+1))))	(ab+cd(e+(f+(g+h))))
454093472286518562111333259796193096947061097872539465654982703380107886591	109	1.75	False	False	0	(111+(11+111))	(abc+(de+fgh))
835771099536579226823798514478590740759239572504958162804726332129279	109	1.703125	False	False	0	(11+(1+1)1(1+11))	(ab+(c+d)e(f+gh))
2596148429267413814265248164610047	111	1.28125	True	True	8	1(1+(1+1(1+(1+(1+1)))))	a(b+(c+d(e+(f+(g+h)))))
46768052394248611018132277383895694080615208976383	111	1.5625	False	False	0	(1+1)(1+11(1+11))	(a+b)(c+de(f+gh))
419814403085392317116864244825458123192367661436316418047	111	1.84375	False	False	0	(1+1)(11+(11+11))	(a+b)(cd+(ef+gh))
188719626713994190720606382419686237674419864243872213569335770218495	111	1.5625	False	False	0	(1(1+1)+111(1+1))	(a(b+c)+def(g+h))
12164368969185428883678976000322747495335544668819554303	111	1.703125	False	False	0	(1+1)(11+1(1+(1+1)))	(a+b)(cd+e(f+(g+h)))
161592492613493314726390744402100223	111	1.328125	True	False	3	1(1+(1+(1+1)(1+11)))	a(b+(c+(d+e)(f+gh)))
10633823889527044529666596117090926591	113	1.3125	True	False	3	1(11+(1+(1+1(1+1))))	a(bc+(d+(e+f(g+h))))
662007668488958110666536227805593599	113	1.328125	True	False	2	1(1+(1+(1+1))(1+(1+1)))	a(b+(c+(d+e))(f+(g+h)))
12368118175955037277256380484638976958463262266873627325357607316334051327	113	1.703125	False	False	0	(1(1+11)+11(1+1))	(a(b+cd)+ef(g+h))
10384593717069655257060992658440191	113	1.265625	True	True	8	1(1+(1+(1+1111)))	a(b+(c+(d+efgh)))
822746001558867634441321905603946370171977655271264017232953343	115	1.578125	False	False	0	(11+1(1+1111))	(ab+c(d+efgh))
97766466632838914285442578029106944246301065215	115	1.71875	False	False	0	(1+11)(1+(11+11))	(a+bc)(d+(ef+gh))
41538374868278621028243970633760767	115	1.265625	True	True	8	1(1+(1+(1+11(1+1))))	a(b+(c+(d+ef(g+h))))
740078523882464754034840698886279373903971579119031757440930545663	115	1.71875	False	False	0	(11+1(11+1(1+1)))	(ab+c(de+f(g+h)))
2854495045794166759997146384211906030978727935	115	1.640625	False	False	0	(1+11)(1+1(1+(1+1)))	(a+bc)(d+e(f+(g+h)))
6407223178058338111385369632627237792849028605542399	117	1.640625	False	False	0	(1+1)(1+1(11+11))	(a+b)(c+d(ef+gh))
187072209578015291173291924926028240376977269194751	117	1.59375	False	False	0	(1+1)(1+11(1+(1+1)))	(a+b)(c+de(f+(g+h)))
172312596663225862641665926149598031111193669373448421375	117	1.78125	False	False	0	(1+1)(1(1+1)+1(1+1))	(a+b)(c(d+e)+f(g+h))
44709478800095597309963579674877497586802107889973119	117	1.78125	False	False	0	(1+1)(1+1)(11+(1+1))	(a+b)(c+d)(ef+(g+h))
662007708258388696802426308349919231	117	1.265625	True	False	3	1(1+(1+(1+1)(1+(1+1))))	a(b+(c+(d+e)(f+(g+h))))
13776742963328773706676162609630963500902303920968522560190536575025663	117	1.578125	False	False	0	(11+(1+1))(1+111)	(ab+(c+d))(e+fgh)
166153499473114484112975882535043071	117	1.25	True	True	8	1(1+(1+(1+1(1+11))))	a(b+(c+(d+e(f+gh))))
158839976905141844518378473022768021503	119	1.234375	True	False	4	1(1+(11+(11+(1+1))))	a(b+(cd+(ef+(g+h))))
664613997892457936451903530140172287	119	1.21875	True	True	8	1(1+(1+(1+1(1+(1+1)))))	a(b+(c+(d+e(f+(g+h)))))
740078524054777713104800693765560684940589859768390028267406952447	119	1.765625	False	False	0	(1+(1+1))(11+1(1+1))	(a+(b+c))(de+f(g+h))
822746001750428115547920682006206059369840709487129022636883967	119	1.4375	False	False	0	(1+(1+1))(1+1111)	(a+(b+c))(d+efgh)
2658455991569831745807614120560689151	121	1.1875	True	True	8	1(1+(1+(1+(1+111))))	a(b+(c+(d+(e+fgh))))
1766874025136433896750911497805568136928515398610937444621434371776184319	121	1.453125	False	False	0	(1(1+(1+1))+1111)	(a(b+(c+d))+efgh)
1766874025547797481877742235005082825617611173160443536117410263078010879	121	1.6875	False	False	0	(11+(11+1111))	(ab+(cd+efgh))
3291002837540676697807580150631155866502549318275211756339986431	121	1.640625	False	False	0	(11+1(1+11(1+1)))	(ab+c(d+ef(g+h)))
2991739501938348299629526555062831787277369900730367	121	1.71875	False	False	0	(1+1(1+1))(1+1(1+1))	(a+b(c+d))(e+f(g+h))
9927671593518590425750308981468823551	121	1.203125	True	False	4	1(1+(1+(1+(1+1)(1+1))))	a(b+(c+(d+(e+f)(g+h))))
835758346876259987476971122144324766843587759379956610935309117423615	121	1.640625	False	False	0	(1(1+1)+11(1+11))	(a(b+c)+de(f+gh))
2794391130576346097390008708417324725717705554919423	123	1.671875	False	False	0	(1+1)(1+1(1+1)(1+1))	(a+b)(c+d(e+f)(g+h))
748288838313082011793930515094558425562425510068223	123	1.625	False	False	0	(1+1)(1+1(1+111))	(a+b)(c+d(e+fgh))
824731728686828041190581406371517385242250628338395879340694018214330367	123	1.59375	False	False	0	(111+1(11+(1+1)))	(abc+d(ef+(g+h)))
10633823966279326983230456482242756607	123	1.15625	True	True	8	1(1+(1+(1+(1+1(1+1)))))	a(b+(c+(d+(e+f(g+h)))))
170141183420855150465331762882257354751	125	1.109375	True	True	8	1(11+(1+(1+(1+(1+1)))))	a(bc+(d+(e+(f+(g+h)))))
42639024489235856042279723934609638215220985855	125	1.71875	False	False	0	(1+11)(1+(1+1)(1+1))	(a+bc)(d+(e+f)(g+h))
11417981204023768040488463525104691433864953855	125	1.640625	False	False	0	(1+11)(1+(1+111))	(a+bc)(d+(e+fgh))
170141183460469231731687303715884105727	127	1.046875	True	True	8	1(1+(1+(1+(1+(1+(1+1))))))	a(b+(c+(d+(e+(f+(g+h))))))
13164030181467912951272613130739993851824835970291002712768118783	127	1.65625	False	False	0	(11+1(1+1(1+11)))	(ab+c(d+e(f+gh)))
118167249331252475844151899643860103766056356331908107978803442895290367	127	1.84375	False	False	0	(11+(1+1)(11+11))	(ab+(c+d)(ef+gh))
52449648018489577714714408993567275206995181498473953462650404863	127	1.703125	False	False	0	(11+1(1+1)(1+(1+1)))	(ab+c(d+e)(f+(g+h)))
2993155353253348894276484875768679166304218473562111	129	1.65625	False	False	0	(1+1)(1+1(1+1(1+1)))	(a+b)(c+d(e+f(g+h)))
183040229134437564364882575526648290315708029704819179519	129	1.84375	False	False	0	(1+1)(11+(1+1)(1+1))	(a+b)(cd+(e+f)(g+h))
680564733841876926926749214863536422911	129	1.046875	True	True	8	(1+1111111)	(a+bcdefgh)
24616457913996652870727163346760386520906236201208381439	129	1.703125	False	False	0	(1+1)(1+(11+111))	(a+b)(c+(de+fgh))
6277101736848182401847257075253228175745387678983503478783	131	1.109375	True	True	8	(1+(1+1)11111)	(a+(b+c)defgh)
118165446269633791132631110592212111389519366077389927333298476077285375	131	1.71875	False	False	0	(1(1+1)+1(11+11))	(a(b+c)+d(ef+gh))
3423913227525323174502430081042878883520259339924294200399202506244095	131	1.640625	False	False	0	(1(1+1)+11(1+(1+1)))	(a(b+c)+de(f+(g+h)))
1803472988546940086912931926857142615190266148869154429478402785279	133	1.671875	False	False	0	(11+1(1+(11+11)))	(ab+c(d+(ef+gh)))
52656139557176857965132745051175345793113982578354166538480648191	133	1.625	False	False	0	(11+1(1+1(1+(1+1))))	(ab+c(d+e(f+(g+h))))
6277197517819508820646103002565566605787636498540145934335	133	1.15625	True	True	8	(1+(1+11)1111)	(a+(b+cd)efgh)
3291002838306923006738887248948949472032987282120975760398745599	133	1.59375	False	False	0	(1+(1+1))(1+11(1+1))	(a+(b+c))(d+ef(g+h))
54773094779229450799278256431972612244623018610436204695202153672308948991	135	1.71875	False	False	0	(1(1+11)+1(1+11))	(a(b+cd)+e(f+gh))
45671925836942173162453732088675833045409857535	135	1.640625	False	False	0	(1+11)(1+(1+1(1+1)))	(a+bc)(d+(e+f(g+h)))
44710258089226641793743953411629422931755871045156863	135	1.640625	False	False	0	(1+1)(1+1(11+(1+1)))	(a+b)(c+d(ef+(g+h)))
11150202455485663057582984369266328854298623	135	1.453125	False	False	0	(1+111)(1+(1+(1+1)))	(a+bcd)(e+(f+(g+h)))
26960358049567167613997062649961373013828956712294617374609593335807	135	1.1875	True	True	8	(1+(1+(1+1))1111)	(a+(b+(c+d))efgh)
47889754890089648493203119061381156661329955517333503	135	1.6875	False	False	0	(1+1)(1+1)(1+(1+(1+1)))	(a+b)(c+d)(e+(f+(g+h)))
1491797896581394223823434278980871839023103	135	1.203125	True	False	4	(1+111(11+11))	(a+bcd(ef+gh))
54987048916029773356072361039241559384934956794426807975330349420518572031	137	1.765625	False	False	0	(111+(1+1)(1+11))	(abc+(d+e)(f+gh))
883396572648206806763158476106551278553588517497441004816989339527413759	137	1.4375	False	False	0	(111+1(1+(1+(1+1))))	(abc+d(e+(f+(g+h))))
174224571863520493293247799005065324265471	137	1.21875	True	True	8	(1+111(1+111))	(a+bcd(e+fgh))
10230667569254969077155292286748886535576215355391	137	1.234375	True	False	4	(1+1(1+1)11(1+1))	(a+b(c+d)ef(g+h))
12368118175955037277256380484638976958468454009125353146578857624457969663	139	1.578125	False	False	0	(1(1+(1+1))+11(1+1))	(a(b+(c+d))+ef(g+h))
696898287454081973172991196020261297061887	139	1.25	True	True	8	(1+111(1+1(1+1)))	(a+bcd(e+f(g+h)))
5731465740594233667867972843869633972361232383	139	1.265625	True	False	3	(1+11(11+111))	(a+bc(de+fgh))
839035830393383871640309496551985789646994466337918437161701323309055	139	1.78125	False	False	0	(11+(1+11)(1+11))	(ab+(c+de)(f+gh))
786551172122434752806033529905932302702070623711527960966305153023	139	1.640625	False	False	0	(11+1(1+(1+1)(1+1)))	(ab+c(d+(e+f)(g+h)))
7744208852172989769459245094881805144134925502243115773021173539626779934719	139	1.78125	False	False	0	(11(1+1)+(11+11))	(ab(c+d)+(ef+gh))
210624577060012638020573272732916753558270569010606821841330765823	139	1.59375	False	False	0	(11+1(1+(1+111)))	(ab+c(d+(e+fgh)))
2980855355473911957400769897525837219275724705234943999	141	1.71875	False	False	0	(1+1)(1+(1+1)(1+11))	(a+b)(c+(d+e)(f+gh))
10409918168845349474271555990552653124861951	141	1.265625	True	True	8	(1+111(11+(1+1)))	(a+bcd(ef+(g+h)))
47890485652058686543927572089251093981140077743439871	141	1.578125	False	False	0	(1+1)(1+1(1+(1+(1+1))))	(a+b)(c+d(e+(f+(g+h))))
13776532750121575922604265916637095350226945662101644558254776061526015	141	1.640625	False	False	0	(1(1+1)+1(1+111))	(a(b+c)+d(e+fgh))
51520458092920414066725542400574342885095072878373234404603221315158015	141	1.71875	False	False	0	(1(1+1)+1(1+1)(1+1))	(a(b+c)+d(e+f)(g+h))
24616085236810599570025161138471822190481682697098887167	143	1.328125	True	False	2	(1+1(111+111))	(a+b(cde+fgh))
11150372599265311570767859136324180752990207	143	1.265625	True	True	8	(1+111(1+(1+(1+1))))	(a+bcd(e+(f+(g+h))))
55187852927463796042203727714118556333360109836051987633483421465905151	143	1.703125	False	False	0	(11+(1+1))(1+1(1+1))	(ab+(c+d))(e+f(g+h))
694034471054075355064483435324115535794274303	143	1.3125	True	False	3	(1+11(1+1)(1+11))	(a+bc(d+e)(f+gh))
13776742963328773706676162609630963500902303920968540863098702423654399	145	1.703125	False	False	0	(11+(1+1)(1+111))	(ab+(c+d)(e+fgh))
44601490397061246283071436545296723011960831	145	1.28125	True	True	8	(1+11(1+1111))	(a+bc(d+efgh))
40119737510444045113595930163690422610555830271	145	1.328125	True	False	3	(1+11(11+1(1+1)))	(a+bc(de+f(g+h)))
51521244232722674272912224553825384051319574937320657072289466023935999	145	1.84375	False	False	0	(11+(1+1)(1+1)(1+1))	(ab+(c+d)(e+f)(g+h))
182687704368615793650314806342960399491589472255	145	1.5625	False	False	0	(1+11)(1+(1+(1+11)))	(a+bc)(d+(e+(f+gh)))
842498327071355758242335383459882384618896914739617443052731236351	145	1.5625	False	False	0	(11+1(1+(1+1(1+1))))	(ab+c(d+(e+f(g+h))))
191561942608235767022811051172394821388614827407048703	147	1.5625	False	False	0	(1+1)(1+(1+1111))	(a+b)(c+(d+efgh))
178405961588244985132285746181186892047843327	147	1.3125	True	True	8	(1+11(1+11(1+1)))	(a+bc(d+ef(g+h)))
763098642346140853079806909735862713529693195995118043135	147	1.703125	False	False	0	(1+1)(1(1+1)+(1+11))	(a+b)(c(d+e)+(f+gh))
12211886035448965165243578492842853783489808102665977727	147	1.75	False	False	0	(1+1)(1+(1+1))(1+(1+1))	(a+b)(c+(d+e))(f+(g+h))
95782432850356874947376139164798476804487574080978943	147	1.328125	True	False	2	(1+1(11+1111))	(a+b(cd+efgh))
13164030184532902571502753516719923122685573572656362711446192127	147	1.640625	False	False	0	(1+(1+1))(1+1(1+11))	(a+(b+c))(d+e(f+gh))
27512536912605583465805410428987346747395526667218687444910079	149	1.390625	True	False	2	(1+(1+1)1(11+11))	(a+(b+c)d(ef+gh))
713623846352979940529142984724747568191373311	149	1.328125	True	True	8	(1+11(1+1(1+11)))	(a+bc(d+e(f+gh)))
188722506346970173297979438547687916895277066205282073977676544081919	149	1.34375	True	False	3	(1+(1+(1+1))11(1+1))	(a+(b+(c+d))ef(g+h))
1766874025136433896750911497827868541834294507096940044262414308855513087	151	1.390625	True	False	1	(1+(111+1111))	(a+(bcd+efgh))
3369993327116728239129383826367744908861402297655659927898333118463	151	1.484375	False	False	0	(11+1(1+(1+(1+11))))	(ab+c(d+(e+(f+gh))))
55187010840506586915011609259013961217053690950811045989677070282653695	151	1.640625	False	False	0	(1(1+1)+1(1+1(1+1)))	(a(b+c)+d(e+f(g+h)))
3376496262035725176690991872306440709660470598856170258326137835341756235775	151	1.625	False	False	0	(1111+(1+1)(1+1))	(abcd+(e+f)(g+h))
3178613057287219590334789600321194232923193150654461305981028403487187140607	151	1.71875	False	False	0	(111+(11+1(1+1)))	(abc+(de+f(g+h)))
97766466950358251852492588907290416842218143743	151	1.34375	True	False	4	(1+11(1+(11+11)))	(a+bc(d+(ef+gh)))
2854495385411919762116571938898990272765493247	151	1.328125	True	True	8	(1+11(1+1(1+(1+1))))	(a+bc(d+e(f+(g+h))))
670477029818693653440449235304375027995522849530970111	153	1.390625	True	False	2	(1+1(11+11(1+1)))	(a+b(cd+ef(g+h)))
42639024819590551446616293337303667199434555391	153	1.34375	True	False	4	(1+11(1+(1+1)(1+1)))	(a+bc(d+(e+f)(g+h)))
11417981541647679048466287755595961091061972991	153	1.328125	True	True	8	(1+11(1+(1+111)))	(a+bc(d+(e+fgh)))
45484223505624583564920521757851835121781163687935	153	1.390625	True	False	2	(1+1(1+11)(1+11))	(a+b(c+de)(f+gh))
766247770432944088938344967504969731018513826061484031	153	1.59375	False	False	0	(1+1)(1+(1+11(1+1)))	(a+b)(c+(d+ef(g+h)))
730750818495310275601759103360098665276307931135	155	1.40625	False	False	0	(1+11)(1+(1+(1+(1+1))))	(a+bc)(d+(e+(f+(g+h))))
3207598987529421207170404358324720981439572054170368489816063	155	1.375	True	False	2	(1+(1+1)1(1+111))	(a+(b+c)d(e+fgh))
2792972246314049754260899532220408130990865838505983	155	1.421875	True	False	2	(1+1(1+1)(1+1)(1+1))	(a+b(c+d)(e+f)(g+h))
45671926166590716193865151022383844364247891967	155	1.328125	True	True	8	(1+11(1+(1+1(1+1))))	(a+bc(d+(e+f(g+h))))
54773094779229450799278256431972612244628208451183015954408550635185111039	157	1.5625	False	False	0	(1(1+(1+1))+1(1+11))	(a(b+(c+d))+e(f+gh))
7744208852172989769459245094881805144134925502243116901093679892889090392063	157	1.734375	False	False	0	(1(1+11)+(11+11))	(a(b+cd)+(ef+gh))
172312596657673674316460537407822875589974763683719413759	157	1.390625	True	False	2	(1+1(111+1(1+1)))	(a+b(cde+f(g+h)))
13479973327298218162677577597999195005831423829319829867280740646911	157	1.359375	False	False	0	(11+1(1+(1+(1+(1+1)))))	(ab+c(d+(e+(f+(g+h)))))
182687704666362864775460604089535377456991567871	157	1.3125	True	True	8	(1+11(1+(1+(1+11))))	(a+bc(d+(e+(f+gh))))
730750818665451459101842416358141509827966271487	159	1.28125	True	True	8	(1+11(1+(1+(1+(1+1)))))	(a+bc(d+(e+(f+(g+h)))))
12211886769065473144849188588265363837752273733182029823	159	1.625	False	False	0	(1+1)(1+(1+1)(1+(1+1)))	(a+b)(c+(d+e)(f+(g+h)))
3064991081731777376600480632835269369538109820679225343	159	1.578125	False	False	0	(1+1)(1+(1+1(1+11)))	(a+b)(c+(d+e(f+gh)))
2969255417692040767412741619862681232759663951330934783	159	1.40625	True	False	2	(1+1(11+1(1+11)))	(a+b(cd+e(f+gh)))
2923003274661805836407369665432566039311865085951	161	1.28125	True	True	8	(1+1(1+11111))	(a+b(c+defgh))
105726875431490727260553571687071413937098739796958302645749022719	161	1.453125	True	False	1	(1+(1+1)(11+111))	(a+(b+c)(de+fgh))
1803472988966843863648683836739189811774354554256406529834716495871	161	1.6875	False	False	0	(1+(1+1))(1+(11+11))	(a+(b+c))(d+(ef+gh))
52656139569436820830558218587803817725295918734797910515635978239	161	1.578125	False	False	0	(1+(1+1))(1+1(1+(1+1)))	(a+(b+c))(d+e(f+(g+h)))
12849227255328229375885117510323117979504744132073833860431871	161	1.40625	True	False	2	(1+(1+1)1(1+1(1+1)))	(a+(b+c)d(e+f(g+h)))
824731728686828041190581406371517385242250707565994089256941371225276415	161	1.5625	False	False	0	(1(1+1)+1(11+(1+1)))	(a(b+c)+d(ef+(g+h)))
11692013098647223345629478661730264157247460343807	163	1.3125	True	True	8	(1+1(1+111(1+1)))	(a+b(c+def(g+h)))
27512956720602907159400752128397326086270703243335451327594495	163	1.46875	True	False	1	(1+(1+11)(11+11))	(a+(b+cd)(ef+gh))
797204084763077620179179503093788712538644634778195739017215	163	1.390625	True	False	2	(1+(1+11)1(1+(1+1)))	(a+(b+cd)e(f+(g+h)))
26959946673427741532976699125517225933252180504075493964879509848063	163	1.328125	True	False	1	(1+(11+11111))	(a+(bc+defgh))
55187852927463796042203727714118556333360109836052005504039425916534783	163	1.703125	False	False	0	(11+(1+1)(1+1(1+1)))	(ab+(c+d)(e+f(g+h)))
12164368969185429223301911158095906051816228358530793471	165	1.375	True	False	2	(1+1(11+1(1+(1+1))))	(a+b(cd+e(f+(g+h))))
55187852927463992105851987243774383183014565299525322457845851744045055	165	1.515625	False	False	0	(1+(1+(1+1)))(1+1(1+1))	(a+(b+(c+d)))(e+f(g+h))
419814403085392317434388427353102206363323917077724528639	165	1.421875	True	False	2	(1+1(11+(11+11)))	(a+b(cd+(ef+gh)))
46768052394588893382517914646921056628989841375231	165	1.328125	True	True	8	(1+1(1+11(1+11)))	(a+b(c+de(f+gh)))
902872626844717721239715775378645317967818145481686552592703803016288927743	165	1.453125	True	False	1	(11(1+1)+(1+111))	(ab(c+d)+(e+fgh))
2930080402643087365710689321274975963010933854162481315839	165	1.5625	False	False	0	(1+1)(11+(11+(1+1)))	(a+b)(cd+(ef+(g+h)))
12259964326927110527249023294156467923616493799150190591	165	1.515625	False	False	0	(1+1)(1+(1+1(1+(1+1))))	(a+b)(c+(d+e(f+(g+h))))
3376496262035725176690991872306440709660470598856170258326138108608925138943	165	1.65625	False	False	0	(11(1+1)+(1+1)(1+1))	(ab(c+d)+(e+f)(g+h))
187072209578355573530071658587684226515959365500927	167	1.328125	True	True	8	(1+1(1+11(1+(1+1))))	(a+b(c+de(f+(g+h))))
192022819231922747844500203584959995526882525246446565331042303	167	1.390625	True	False	2	(1+(1+1)1(11+(1+1)))	(a+(b+c)d(ef+(g+h)))
172312596663225862972607208488092096448668185437411475455	167	1.390625	True	False	2	(1+1(1(1+1)+1(1+1)))	(a+b(c(d+e)+f(g+h)))
6407223178058678393404954306628184758171608268406783	167	1.34375	True	False	4	(1+1(1+1(11+11)))	(a+b(c+d(ef+gh)))
215679573330928016633641453030628196945231854462603228654928891215871	169	1.390625	True	False	1	(11+(1+111(1+1)))	(ab+(c+def(g+h)))
2794391130576686379605445400153533133582143022170111	169	1.34375	True	False	4	(1+1(1+1(1+1)(1+1)))	(a+b(c+d(e+f)(g+h)))
748288838313422294120286634350736906063837462003711	169	1.328125	True	True	8	(1+1(1+1(1+111)))	(a+b(c+d(e+fgh)))
54987052180710815081345148851679131474257383940996260926989876473219776511	169	1.625	False	False	0	(11+(1+(1+1))(1+11))	(ab+(c+(d+e))(f+gh))
824744313094306294444090979239179656469867669758019713578842865688082303	169	1.625	False	False	0	(11+(1+1))(11+(1+1))	(ab+(c+d))(ef+(g+h))
883396572648206806763158476106551278553588596724999074618122954705207295	171	1.40625	False	False	0	(1(1+1)+1(1+(1+(1+1))))	(a(b+c)+d(e+(f+(g+h))))
54987048916029773356072361039241559384934956873617346823967838319071461375	171	1.640625	False	False	0	(1(1+1)+(1+1)(1+11))	(a(b+c)+(d+e)(f+gh))
2993155353253689176481146537402947624255349848014847	171	1.328125	True	True	8	(1+1(1+1(1+1(1+1))))	(a+b(c+d(e+f(g+h))))
49039857307708443129843193939441262139930029713034051583	171	1.453125	False	False	0	(1+1)(1+(1+(1+111)))	(a+b)(c+(d+(e+fgh)))
24616457913996653209675069410236191998782060987536113663	171	1.34375	True	False	3	(1+1(1+(11+111)))	(a+b(c+(de+fgh)))
183133217133473718243467774417042074386906462732402294783	171	1.5	False	False	0	(1+1)(1+(1+(1+1)(1+1)))	(a+b)(c+(d+(e+f)(g+h)))
183040229134437564695242311743596667272617383592328167423	171	1.390625	True	False	2	(1+1(11+(1+1)(1+1)))	(a+b(cd+(e+f)(g+h)))
205681792611304392750179380550291057940808185690143141272748031	173	1.328125	True	False	2	(1+(1+1)1(1+(1+(1+1))))	(a+(b+c)d(e+(f+(g+h))))
11995724456553081355604763517083805318445127848515541596635135	173	1.46875	True	False	1	(1+(1+11)(1+1)(1+1))	(a+(b+cd)(e+f)(g+h))
3207647931605769007176614627181325919191161200963812784603135	173	1.390625	True	False	1	(1+(1+11)(1+111))	(a+(b+cd)(e+fgh))
44710258089226982073687126402456530137314288354721791	173	1.3125	True	True	8	(1+1(1+1(11+(1+1))))	(a+b(c+d(ef+(g+h))))
7744208852172989769459245094881805144134930347277639205107526216580373413887	175	1.546875	False	False	0	(1(1+(1+1))+(11+11))	(a(b+(c+d))+(ef+gh))
786551172305567968478005611158779525757138166331261673876829503487	175	1.625	False	False	0	(1+(1+1))(1+(1+1)(1+1))	(a+(b+c))(d+(e+f)(g+h))
224393001192327104887365760221307153389267226219413667185727322678093676543	175	1.40625	False	False	0	(1(1+(1+1))+1(1+(1+1)))	(a(b+(c+d))+e(f+(g+h)))
7744208852173373626784567461183896039277035446688712104617813425017289965567	175	1.6875	False	False	0	(11+(11+(11+11)))	(ab+(cd+(ef+gh)))
2980855355473912297521544325850807386361925519733161983	175	1.328125	True	False	3	(1+1(1+(1+1)(1+11)))	(a+b(c+(d+e)(f+gh)))
210624577109052493866780078872139396135737299383364101732395122687	175	1.515625	False	False	0	(1+(1+1))(1+(1+111))	(a+(b+c))(d+(e+fgh))
47890485652059026823698344598447161988085597568237567	175	1.28125	True	True	8	(1+1(1+1(1+(1+(1+1)))))	(a+b(c+d(e+(f+(g+h)))))
835758346876259987478432623771106916384707050644851822321586829000703	175	1.40625	True	False	1	(1+(11+11(1+11)))	(a+(bc+de(f+gh)))
3126242825077800814832370844080921443203691302481796530175	177	1.390625	False	False	0	(1+1)(1(1+1)+(1+(1+1)))	(a+b)(c(d+e)+(f+(g+h)))
118167249331252895652149125593289580587764764923090800423147839288246271	177	1.4375	True	False	1	(1+(1+(1+1))(11+11))	(a+(b+(c+d))(ef+gh))
763098642346140853378721616364179933834508887923858866175	177	1.3125	True	False	3	(1+1(1(1+1)+(1+11)))	(a+b(c(d+e)+(f+gh)))
191561942608236107294793378393788647952342390272950271	177	1.265625	True	True	8	(1+1(1+(1+1111)))	(a+b(c+(d+efgh)))
12211886035448965504863937745292359154608735872719257599	177	1.328125	True	False	2	(1+1(1+(1+1))(1+(1+1)))	(a+b(c+(d+e))(f+(g+h)))
822746001750428115547921022278188465816979198675964924992159743	179	1.3125	True	False	1	(1+(1+1)(1+1111))	(a+(b+c)(d+efgh))
3376496262035725176690991872306440709660470598856171431999691618223675932671	179	1.578125	False	False	0	(1(1+11)+(1+1)(1+1))	(a(b+cd)+(e+f)(g+h))
766247770432944429179173513575154591809369561091801087	179	1.265625	True	True	8	(1+1(1+(1+11(1+1))))	(a+b(c+(d+ef(g+h))))
54773094779229450799278256431994902440907211025759069823955392729341493247	179	1.40625	True	False	1	(1+(111+1(1+11)))	(a+(bcd+e(f+gh)))
225269522978573587620038382322054130383443210093296922995708205677211025407	179	1.515625	False	False	0	(111+(1+1)(1+(1+1)))	(abc+(d+e)(f+(g+h)))
740078524054777713104800694096501947630800606318460999774674878463	179	1.453125	True	False	1	(1+(1+1)(11+1(1+1)))	(a+(b+c)(de+f(g+h)))
3533667170432847510277228450018670694030500295202400766229149784857378815	181	1.328125	True	False	1	(1(1+1)+(1+1111))	(a(b+c)+(d+efgh))
3178613057287219590334789600321194232923193150731514573184814522032787030015	181	1.5625	False	False	0	(1(1+1)+(11+1(1+1)))	(a(b+c)+(de+f(g+h)))
824744313094306294444090979239179656469867669758019723414854537492561919	181	1.5625	False	False	0	(11+(1+1)(11+(1+1)))	(ab+(c+d)(ef+(g+h)))
3450873173389004792169063459952692227975638744595137609257299300319231	181	1.375	True	False	1	(11+(1+11(1+(1+1))))	(ab+(c+de(f+(g+h))))
12211886769065473484469547800945438622735311420535078911	181	1.265625	True	False	3	(1+1(1+(1+1)(1+(1+1))))	(a+b(c+(d+e)(f+(g+h))))
3064991081731777716716694054300618367237478244367204351	181	1.25	True	True	8	(1+1(1+(1+1(1+11))))	(a+b(c+(d+e(f+gh))))
118192406188782127764492030638788563195187403114629023641288036476518399	181	1.421875	True	False	1	(11+(1+1(11+11)))	(ab+(c+d(ef+gh)))
2930080402643087365892131711290772581965766000243285950463	183	1.234375	True	False	4	(1+1(11+(11+(1+1))))	(a+b(cd+(ef+(g+h))))
12259964326927110866866776217202473468949912977468817407	183	1.21875	True	True	8	(1+1(1+(1+1(1+(1+1)))))	(a+b(c+(d+e(f+(g+h)))))
12849423318976534555166355123531474745801227465706280966946815	183	1.390625	True	False	1	(1+(1+11)(1+1(1+1)))	(a+(b+cd)(e+f(g+h)))
784637716923335095181726606845137146466200747990711271423	183	1.28125	False	False	0	(1+1)(1+(1+(1+(1+11))))	(a+b)(c+(d+(e+(f+gh))))
3291002838306923006738887589189778097321663250619252059869806591	185	1.34375	True	False	1	(1+(1+1)(1+11(1+1)))	(a+(b+c)(d+ef(g+h)))
183133217133473718573822469744461947442439325100940460031	185	1.203125	True	False	4	(1+1(1+(1+(1+1)(1+1))))	(a+b(c+(d+(e+f)(g+h))))
49039857307708443467467104868809893875799651909875269631	185	1.1875	True	True	8	(1+1(1+(1+(1+111))))	(a+b(c+(d+(e+fgh))))
13776532750121575922605727418100541963607984972897273076028903935442943	187	1.34375	True	False	1	(1+(11+1(1+111)))	(a+(bc+d(e+fgh)))
51547418027585746188462337296194044155961021177898815400879206048989183	187	1.390625	True	False	1	(11+(1+1(1+1)(1+1)))	(ab+(c+d(e+f)(g+h)))
3126242825077800815003179247868531283377871697869648429055	187	1.15625	True	True	8	(1+1(1(1+1)+(1+(1+1))))	(a+b(c(d+e)+(f+(g+h))))
3138550867693340381747753528143363976310267046479278374911	189	1.125	False	False	0	(1+1)(1+(1+(1+(1+(1+1)))))	(a+b)(c+(d+(e+(f+(g+h)))))
784637716923335095479473677900958302012794430558004314111	189	1.109375	True	True	8	(1+1(1+(1+(1+(1+11)))))	(a+b(c+(d+(e+(f+gh)))))
842498327267515186011667520009481709777502821977628866599431700479	189	1.453125	False	False	0	(1+(1+1))(1+(1+1(1+1)))	(a+(b+c))(d+(e+f(g+h)))
51521244232722857310348386723426244508608143811979968302684255580848127	191	1.375	True	False	1	(1+(1+(1+1))(1+1)(1+1))	(a+(b+(c+d))(e+f)(g+h))
12368118175955037277352151225275526097387602089100145564014856704513540095	191	1.328125	True	False	1	(1+(1(1+1)+11(1+1)))	(a+(b(c+d)+ef(g+h)))
3138550867693340381917894711603833208051177722232017256447	191	1.046875	True	True	8	(1+1(1+(1+(1+(1+(1+1))))))	(a+b(c+(d+(e+(f+(g+h))))))
13776742963328822650752499013956717602936918263616228428635300406755327	191	1.265625	True	False	1	(1+(1+(1+1))(1+111))	(a+(b+(c+d))(e+fgh))
13164030184532902571502753856836136623340399458392400599380393983	191	1.328125	True	False	1	(1+(1+1)(1+1(1+11)))	(a+(b+c)(d+e(f+gh)))
12554203470773361527671578846415332832204710888928069025791	193	1.03125	True	True	8	(1+(1+111111))	(a+(b+cdefgh))
902872626845125883502957558908655102859899467885376634122987553468155166719	193	1.359375	True	False	1	(11+(11+(1+111)))	(ab+(cd+(e+fgh)))
902872626844717721239715775378645317967823297292336272111002410849727938559	193	1.25	True	False	1	(1(1+(1+1))+(1+111))	(a(b+(c+d))+(e+fgh))
7744208852172989769459334469993687182838030954592639427322517728694812803071	193	1.5	False	False	0	((1+1)(1+1)+(11+11))	((a+b)(c+d)+(ef+gh))
192025749267616594321975699347371740440304958885503814688833535	193	1.3125	True	False	1	(1+(1+11)(11+(1+1)))	(a+(b+cd)(ef+(g+h)))
224393001192327104887461355579071092221887656021538446990773189115516026879	193	1.390625	False	False	0	((1+1)(1+1)+1(1+(1+1)))	((a+b)(c+d)+e(f+(g+h)))
55213970774318233200735815570705716724462148986715687698895225845972991	193	1.3125	True	False	1	(11+(1+1(1+1(1+1))))	(ab+(c+d(e+f(g+h))))
824744313094309224479784143514558942819540091391196453008286492770924415	195	1.34375	False	False	0	(1+(1+(1+1)))(11+(1+1))	(a+(b+(c+d)))(ef+(g+h))
26960358055844173566950915356986848857678722938711691764997516427263	195	1.0625	True	True	8	(1+(1+(1+1)1111))	(a+(b+(c+d)efgh))
200867255532373784442745261542645325315275374222849104412671	197	1.078125	True	True	8	(1+(1+111(1+11)))	(a+(b+cde(f+gh)))
1803472988966843863648683837056709149341404565134590002430633574399	197	1.3125	True	False	1	(1+(1+1)(1+(11+11)))	(a+(b+c)(d+(ef+gh)))
52656139569436820830558218927421570727415344289484994757422743551	197	1.265625	True	False	1	(1+(1+1)(1+1(1+(1+1))))	(a+(b+c)(d+e(f+(g+h))))
824731728686828041190582867862745138256266734767382338308354109272489983	199	1.234375	True	False	1	(1+(11+1(11+(1+1))))	(a+(bc+d(ef+(g+h))))
883410052210164242752755029803870412982516228137721298322853895774142463	199	1.28125	False	False	0	(11+(1+1)(1+(1+(1+1))))	(ab+(c+d)(e+(f+(g+h))))
27518814007935208468656100831342409568192726268530327304536063	199	1.09375	True	False	4	(1+(1+11(11+11)))	(a+(b+cd(ef+gh)))
803469022129495137770981046170581301261101496891396417650687	199	1.078125	True	True	8	(1+(1+111(1+(1+1))))	(a+(b+cde(f+(g+h))))
225269522978573587620038382322054130383443210172370949847565776049737302015	201	1.328125	False	False	0	(1(1+1)+(1+1)(1+(1+1)))	(a(b+c)+(d+e)(f+(g+h)))
3616791129454280186649115836007997976282042551469692703762144047574200352767	201	1.25	True	False	1	(1(1+11)+(1+1(1+1)))	(a(b+cd)+(e+f(g+h)))
12001818518059333620454029377173058187587703609815233988657151	201	1.09375	True	False	4	(1+(1+11(1+1)(1+1)))	(a+(b+cd(e+f)(g+h)))
3213876088517980551083924184682325205044405987565585670602751	201	1.078125	True	True	8	(1+(1+11(1+111)))	(a+(b+cd(e+fgh)))
3369993327901365954591217284558850964344564912354687926067578011647	203	1.28125	False	False	0	(1+(1+1))(1+(1+(1+11)))	(a+(b+c))(d+(e+(f+gh)))
105726881683976006189007853903494452270345823772945071805818732543	203	1.09375	True	False	3	(1+(1+1(11+111)))	(a+(b+c(de+fgh)))
210624577109052493866780079209763307143715123613855371389592141823	203	1.203125	True	False	1	(1+(1+1)(1+(1+111)))	(a+(b+c)(d+(e+fgh)))
205684931066391845514961165050534451278002552760555644613820415	203	1.15625	True	False	1	(1+(1+11)(1+(1+(1+1))))	(a+(b+cd)(e+(f+(g+h))))
786551172305567968478005611489134221161474735733955702861043073023	203	1.25	True	False	1	(1+(1+1)(1+(1+1)(1+1)))	(a+(b+c)(d+(e+f)(g+h)))
12855504354071922204335696738729300820177623950262342682411007	203	1.078125	True	True	8	(1+(1+11(1+1(1+1))))	(a+(b+cd(e+f(g+h))))
54987075863173764240845249268036994529470888259762412118657490174869503999	205	1.25	True	False	1	(11+(1+(1+1)(1+11)))	(ab+(c+(d+e)(f+gh)))
883396572648206806763159937597038577137012261348259981325160613488361471	205	1.109375	True	False	1	(1+(11+1(1+(1+(1+1)))))	(a+(bc+d(e+(f+(g+h)))))
55187852927463992105851987243774712836587634293821017319020439797759999	205	1.203125	True	False	1	(1+(1+(1+1))(1+1(1+1)))	(a+(b+(c+d))(e+f(g+h)))
192029096288949337927264470034768931001403257757043743818514431	205	1.0625	True	True	8	(1+(1+11(11+(1+1))))	(a+(b+cd(ef+(g+h))))
454086624460065112101310693302815276516240938513496488937325509165856063487	207	1.09375	True	False	2	(1+(1+(111+111)))	(a+(b+(cde+fgh)))
3376496262035725176691084860305498513664368775535364609799004452886537043967	207	1.3125	False	False	0	((1+1)(1+1)+(1+1)(1+1))	((a+b)(c+d)+(e+f)(g+h))
3376496262035725176690991872306462360116143312861919202684715373746462916607	207	1.203125	True	False	1	(1+(111+(1+1)(1+1)))	(a+(bcd+(e+f)(g+h)))
205688069665150755269371147819668813122841983204197482918576127	207	1.03125	True	True	8	(1+(1+11(1+(1+(1+1)))))	(a+(b+cd(e+(f+(g+h)))))
835771099542856328513877953151518631891810418616991781381001973858303	207	1.078125	True	False	3	(1+(1+(1+1)1(1+11)))	(a+(b+(c+d)e(f+gh)))
842498327267515186011667520339130252808914240911336877918269734911	209	1.140625	True	False	1	(1+(1+1)(1+(1+1(1+1))))	(a+(b+c)(d+(e+f(g+h))))
822752278660603021077484591278675252491367932816789931674304511	209	1.015625	True	True	8	(1+(1+1(1+1111)))	(a+(b+c(d+efgh)))
740078530159566489381401725551907118916805633192652805883719319551	209	1.0625	True	False	3	(1+(1+1(11+1(1+1))))	(a+(b+c(de+f(g+h))))
7744208852172989769459334469993687183155550292085761206479627397995090149375	211	1.171875	True	False	1	(1+(1(1+1)+(11+11)))	(a+(b(c+d)+(ef+gh)))
225269536353234629526801093682685474104215734209887907611510544549122408447	211	1.21875	False	False	0	(11+(1+(1+1))(1+(1+1)))	(ab+(c+(d+e))(f+(g+h)))
54050443302948649335507133629370134876621379429413450744351063590235302526975	211	1.03125	True	False	2	(1111+(11+(1+1)))	(abcd+(ef+(g+h)))
226156397384342666605459106258636701594091082967304142861555403517639786495	211	1.09375	True	False	1	(1(1+1)+(1+1(1+(1+1))))	(a(b+c)+(d+e(f+(g+h))))
3291009114642412084309938365114701009965471731267159726697218047	211	1.015625	True	True	8	(1+(1+1(1+11(1+1))))	(a+(b+c(d+ef(g+h))))
52449654295591313098551871712969376765023444615573466747819261951	213	1.015625	True	False	3	(1+(1+1(1+1)(1+(1+1))))	(a+(b+c(d+e)(f+(g+h))))
118167249331258752939481426902544929290709848405012823448342715265187839	213	1.0625	True	False	2	(1+(1+(1+1)(11+11)))	(a+(b+(c+d)(ef+gh)))
13164036458569648337239753460458804039861886925068638906788872191	213	1.0	True	True	8	(1+(1+1(1+1(1+11))))	(a+(b+c(d+e(f+gh))))
1803472994824041822201846224082856153461078508734403530230075490303	215	0.984375	True	False	4	(1+(1+1(1+(11+11))))	(a+(b+c(d+(ef+gh))))
3369993327901365954591217284856598035469710710101262904032980107263	215	1.03125	True	False	1	(1+(1+1)(1+(1+(1+11))))	(a+(b+c)(d+(e+(f+gh))))
52656145834278593348959013841835216159447547700274555627155488767	215	0.96875	True	True	8	(1+(1+1(1+1(1+(1+1)))))	(a+(b+c(d+e(f+(g+h)))))
54050443302948649335507133629370134876621379429413450744351063740320929808383	217	1.0	True	False	2	(11(1+1)+(11+(1+1)))	(ab(c+d)+(ef+(g+h)))
839035830399660973330211953810537277869736844762701611096463508504575	217	1.0	True	False	2	(1+(1+(1+11)(1+11)))	(a+(b+(c+de)(f+gh)))
786551178399536488150075269262413541381747743772851174680635113471	217	0.953125	True	False	4	(1+(1+1(1+(1+1)(1+1))))	(a+(b+c(d+(e+f)(g+h))))
13479973330436769028909416342756327982612813273862924163940163256319	217	1.0	False	False	0	(1+(1+1))(1+(1+(1+(1+1))))	(a+(b+c))(d+(e+(f+(g+h))))
210624583337114373395836055367340864637790190801098222508621955071	217	0.9375	True	True	8	(1+(1+1(1+(1+111))))	(a+(b+c(d+(e+fgh))))
824744313094309224479784143514559124261930107188460010865344280147263487	219	1.03125	True	False	1	(1+(1+(1+1))(11+(1+1)))	(a+(b+(c+d))(ef+(g+h)))
842498333348457493583344221469363458551160763204392890034487820287	219	0.90625	True	True	8	(1+(1+1(1+(1+1(1+1)))))	(a+(b+c(d+(e+f(g+h)))))
13776742963335050807664710557864027160437917549469473215237073292754943	219	0.953125	True	False	2	(1+(1+(1+1)(1+111)))	(a+(b+(c+d)(e+fgh)))
51521244232728951371854638988275510368697396681122544063983947972870143	219	1.0	True	False	2	(1+(1+(1+1)(1+1)(1+1)))	(a+(b+(c+d)(e+f)(g+h)))
13479973330436769028909416342926469166112896586860967008491821596671	221	0.875	True	False	1	(1+(1+1)(1+(1+(1+(1+1)))))	(a+(b+c)(d+(e+(f+(g+h)))))
3376496262035725176691084860305498513994723470862784482854537315255075209215	221	1.015625	True	False	1	(1+(1(1+1)+(1+1)(1+1)))	(a+(b(c+d)+(e+f)(g+h)))
3618502762548682767103468672866149553404538056941626025670105885747267502079	221	0.9375	True	False	2	(111+(1+(1+1(1+1))))	(abc+(d+(e+f(g+h))))
3369993333393829974333376885877453834204643052817571560137951281151	221	0.859375	True	True	8	(1+(1+1(1+(1+(1+11)))))	(a+(b+c(d+(e+(f+gh)))))
56539079126125661580558629389049072828234885949371473309269590024875147263	223	0.921875	True	False	2	(1+(11+(1+1(1+11))))	(a+(bc+(d+e(f+gh))))
225269522978573587620038383780712466597296799018313376562608062003406700543	223	0.96875	True	False	1	(1+(11+(1+1)(1+(1+1))))	(a+(bc+(d+e)(f+(g+h))))
13479973333575319897333507543509815336818572211270286240551805124607	223	0.796875	True	True	8	(1+(1+1(1+(1+(1+(1+1))))))	(a+(b+c(d+(e+(f+(g+h))))))
883410052210167381207841751840134447365822306384731920359665375719161855	225	0.9375	False	False	0	(1+(1+(1+1)))(1+(1+(1+1)))	(a+(b+(c+d)))(e+(f+(g+h)))
53919893334301279589334030174039261347274288845081144962207220498431	225	0.765625	True	True	8	(1+(1+(1+11111)))	(a+(b+(c+defgh)))
55187852927470073140947374892944054451785460368197413803576501513224191	225	0.890625	True	False	2	(1+(1+(1+1)(1+1(1+1))))	(a+(b+(c+d)(e+f(g+h))))
54987052180710821355466030166714872316955854918126232386590926954517495807	227	0.84375	True	False	2	(1+(1+(1+(1+1))(1+11)))	(a+(b+(c+(d+e))(f+gh)))
215679573337205118357336120696157045389097155380324579848828881993727	227	0.765625	True	True	8	(1+(1+(1+111(1+1))))	(a+(b+(c+def(g+h))))
7745857531988436895035978286067527556424567728641110033474403749956650270719	229	0.84375	True	False	2	(11+(1+(1+(11+11))))	(ab+(c+(d+(ef+gh))))
224393001192737683822611298654225716845021222979992818034423643349819850751	229	0.796875	True	False	2	(1+(1+(11+1(1+(1+1)))))	(a+(b+(cd+e(f+(g+h)))))
862718293348820473429344482784628181556388621521298319395315527974911	229	0.75	True	True	8	(1+(1+(1+11(1+11))))	(a+(b+(c+de(f+gh))))
118192406188788404859820194141494060873225241148417869757158227332562943	231	0.734375	True	False	4	(1+(1+(1+1(11+11))))	(a+(b+(c+d(ef+gh))))
3450873173395281893717377931138512726225554486085193277581262111899647	231	0.71875	True	True	8	(1+(1+(1+11(1+(1+1)))))	(a+(b+(c+de(f+(g+h)))))
3618502762548682767103468672866149553404538057018378308123669746112419332095	231	0.78125	True	False	2	(1(1+1)+(1+(1+1(1+1))))	(a(b+c)+(d+(e+f(g+h))))
824744313094312571501116887119847894949327297749558309736884209276944383	231	0.78125	True	False	2	(1+(1+(1+1)(11+(1+1))))	(a+(b+(c+d)(ef+(g+h))))
13803492693581127574869511724554050904902217944340773110325048447598591	233	0.6875	True	True	8	(1+(1+(1+1(1+111))))	(a+(b+(c+d(e+fgh))))
51547418027592023287403332846381533847994220135897574583870102796500991	233	0.703125	True	False	4	(1+(1+(1+1(1+1)(1+1))))	(a+(b+(c+d(e+f)(g+h))))
883410052210167381207841751840134617509601954897916795126723227617853439	233	0.75	True	False	1	(1+(1+(1+1))(1+(1+(1+1))))	(a+(b+(c+d))(e+(f+(g+h))))
14474011131074571088697099286010190679197968373912490994746313445956867063807	235	0.671875	True	False	3	(111+(1+(1+(1+11))))	(abc+(d+(e+(f+gh))))
55213970774324510299478046898216203619608871777363092441300193790394367	235	0.65625	True	True	8	(1+(1+(1+1(1+1(1+1)))))	(a+(b+(c+d(e+f(g+h)))))
3378211561682875343318192996650313339242965125107582300500873631085419823103	235	0.71875	True	False	2	(1+(11+(1+(1+1)(1+1))))	(a+(bc+(d+(e+f)(g+h))))
883410052210170519806600661594544600278736316742756225570365065922609151	237	0.625	True	False	2	(1+(1+(1+1)(1+(1+(1+1)))))	(a+(b+(c+d)(e+(f+(g+h)))))
824758688441472372598453325542104541567907522174361193341921644744015871	237	0.609375	True	True	8	(1+(1+(1+1(11+(1+1)))))	(a+(b+(c+d(ef+(g+h)))))
54987075863173770514966129299243846407859541569902990983299225806536966143	239	0.59375	True	False	3	(1+(1+(1+(1+1)(1+11))))	(a+(b+(c+(d+e)(f+gh))))
883423532389192164791648750371459257913741948437809479060803100646309887	239	0.546875	True	True	8	(1+(1+(1+1(1+(1+(1+1))))))	(a+(b+(c+d(e+(f+(g+h))))))
57895161181645529494837117048595051142566530671229791132691030063130991394815	241	0.5	True	True	8	(1111+(1+(1+(1+1))))	(abcd+(e+(f+(g+h))))
14474011131074571088697099286010190679197968373981815636962435642415713878015	241	0.546875	True	False	3	(1(1+1)+(1+(1+(1+11))))	(a(b+c)+(d+(e+(f+gh))))
225269536353234635791690943033917272774761578924711469911965324344400281599	241	0.5625	True	False	2	(1+(1+(1+(1+1))(1+(1+1))))	(a+(b+(c+(d+e))(f+(g+h))))
57895161181645529494837117048595051142566530671229791132691030203870627233791	243	0.46875	True	True	8	(11(1+1)+(1+(1+(1+1))))	(ab(c+d)+(e+(f+(g+h))))
56539106072908298546665520023773392506479484700019806659891398441363832831	245	0.421875	True	True	8	(1+(1+(1+(1+1(1+11)))))	(a+(b+(c+(d+e(f+gh)))))
225269549886070606739976713966790972255277971297155331967227209402697121791	245	0.4375	True	False	3	(1+(1+(1+(1+1)(1+(1+1)))))	(a+(b+(c+(d+e)(f+(g+h)))))
54050443302948868685897196314286351643399113785315053386916443539173827149823	247	0.375	True	False	4	(1+(1+(11+(11+(1+1)))))	(a+(b+(cd+(ef+(g+h)))))
57895161181645529494837117048595051142566533267417835085834109817267005947903	247	0.359375	True	True	8	(1(1+(1+1))+(1+(1+(1+1))))	(a(b+(c+d))+(e+(f+(g+h))))
57896044605178124375071621738586355182371689641795950871051143686795265310719	249	0.296875	True	True	8	(111+(1+(1+(1+(1+1)))))	(abc+(d+(e+(f+(g+h)))))
3378211587856270838163264821420460202262149210826183447928511056871489011711	249	0.3125	True	False	4	(1+(1+(1+(1+(1+1)(1+1)))))	(a+(b+(c+(d+(e+f)(g+h)))))
57895161181645529494837164939811465170801548873636315948945063040589177552895	251	0.234375	True	True	8	(1+(1(1+1)+(1+(1+(1+1)))))	(a+(b(c+d)+(e+(f+(g+h)))))
57896044605178124375071621739317106001207282284397876600407328041172742438911	253	0.15625	True	True	8	(1+(11+(1+(1+(1+(1+1))))))	(a+(bc+(d+(e+(f+(g+h))))))
57896044618658097711785492504343953926634992332820282019728792003956564819967	255	0.0625	True	True	8	(1+(1+(1+(1+(1+(1+(1+1)))))))	(a+(b+(c+(d+(e+(f+(g+h)))))))
